,mean,std
accuracy,76.22807030433005,5.712125974608753
auc,85.37875806264354,6.668377957300403
dummy_accuracy,65.72439935677143,4.47646557463134
dummy_auc,50.0,0.0
n_labels,2.0,0.0
chance,50.0,0.0
