,mean,std
accuracy,76.97643403482353,6.108035845910778
auc,0.0,0.0
dummy_accuracy,65.48160559862421,4.60157282545687
dummy_auc,50.0,0.0
n_labels,2.0,0.0
chance,50.0,0.0
