,mean,std
accuracy,79.89239544250987,5.073560406488405
auc,0.0,0.0
dummy_accuracy,65.0855850793837,5.761514916577133
dummy_auc,50.0,0.0
n_labels,2.0,0.0
chance,50.0,0.0
