,mean,std
accuracy,77.08419457711824,6.528136331892428
auc,0.0,0.0
dummy_accuracy,65.47968406172772,4.604213702315034
dummy_auc,50.0,0.0
n_labels,2.0,0.0
chance,50.0,0.0
