,mean,std
accuracy,76.09044082707697,5.490214687945976
auc,86.2865631992788,7.396917002936383
dummy_accuracy,65.0855850793837,5.761514916577133
dummy_auc,50.0,0.0
n_labels,2.0,0.0
chance,50.0,0.0
