,mean,std
accuracy,75.98781430613971,6.1074811003183225
auc,84.29621488377882,6.955608778741975
dummy_accuracy,65.48160559862421,4.60157282545687
dummy_auc,50.0,0.0
n_labels,2.0,0.0
chance,50.0,0.0
