,mean,std
accuracy,75.74361648613971,6.0150709430396985
auc,86.03528554799861,7.1177885054981145
dummy_accuracy,65.26777621066758,5.4848727578228305
dummy_auc,50.0,0.0
n_labels,2.0,0.0
chance,50.0,0.0
