,mean,std
accuracy,75.88381835957301,8.089275751406765
auc,85.74194767699231,9.229760740283277
dummy_accuracy,65.51748988455645,6.447668370148428
dummy_auc,50.0,0.0
n_labels,2.0,0.0
chance,50.0,0.0
