,mean,std
accuracy,76.91158405924813,6.698901433816715
auc,84.39401210406729,6.4608290087391556
dummy_accuracy,66.76419563370342,4.632415390464787
dummy_auc,50.0,0.0
n_labels,2.0,0.0
chance,50.0,0.0
