,mean,std
accuracy,78.14553492532993,6.93343215306223
auc,0.0,0.0
dummy_accuracy,65.53906747610849,5.510832600912081
dummy_auc,50.0,0.0
n_labels,2.0,0.0
chance,50.0,0.0
