,mean,std
accuracy,79.1130851791055,6.777124407600401
auc,0.0,0.0
dummy_accuracy,65.76665508041064,5.434034286113349
dummy_auc,50.0,0.0
n_labels,2.0,0.0
chance,50.0,0.0
