,mean,std
accuracy,77.00778445013151,5.796688372813727
auc,0.0,0.0
dummy_accuracy,65.72439935677143,4.47646557463134
dummy_auc,50.0,0.0
n_labels,2.0,0.0
chance,50.0,0.0
