,mean,std
accuracy,75.58382223581444,7.1700546799605736
auc,84.64612436245986,7.985274064980355
dummy_accuracy,65.53906747610849,5.510832600912081
dummy_auc,50.0,0.0
n_labels,2.0,0.0
chance,50.0,0.0
