,mean,std
accuracy,75.70007003444849,6.9484861820829815
auc,85.24183224345248,7.69515082921767
dummy_accuracy,65.76665508041064,5.434034286113349
dummy_auc,50.0,0.0
n_labels,2.0,0.0
chance,50.0,0.0
