,mean,std
accuracy,75.18007647069433,6.21202025550679
auc,82.57692449449414,8.695792922318843
dummy_accuracy,66.04368622309126,7.036924862381762
dummy_auc,50.0,0.0
n_labels,2.0,0.0
chance,50.0,0.0
