,mean,std
accuracy,76.9699824219203,6.112683020710966
auc,0.0,0.0
dummy_accuracy,65.48160559862421,4.60157282545687
dummy_auc,50.0,0.0
n_labels,2.0,0.0
chance,50.0,0.0
