,mean,std
accuracy,79.121338407035,8.895421757561062
auc,0.0,0.0
dummy_accuracy,65.00317480678936,6.886800055489995
dummy_auc,50.0,0.0
n_labels,2.0,0.0
chance,50.0,0.0
