,mean,std
accuracy,79.40698233079642,6.47610798753229
auc,0.0,0.0
dummy_accuracy,65.26777621066758,5.4848727578228305
dummy_auc,50.0,0.0
n_labels,2.0,0.0
chance,50.0,0.0
