,mean,std
accuracy,78.39056026607514,5.8292081127672715
auc,0.0,0.0
dummy_accuracy,66.04368622309126,7.036924862381762
dummy_auc,50.0,0.0
n_labels,2.0,0.0
chance,50.0,0.0
