,mean,std
accuracy,76.87872780813956,7.633010342957282
auc,87.14146889155818,8.70810245464391
dummy_accuracy,64.9875646713108,6.635605931472062
dummy_auc,50.0,0.0
n_labels,2.0,0.0
chance,50.0,0.0
