,mean,std
accuracy,75.90289209285578,5.693659408551596
auc,84.62664524618458,6.62334197018357
dummy_accuracy,65.47968406172772,4.604213702315034
dummy_auc,50.0,0.0
n_labels,2.0,0.0
chance,50.0,0.0
