,mean,std
accuracy,77.86755824133549,6.175870490904084
auc,0.0,0.0
dummy_accuracy,65.71574585394788,4.3627376540773
dummy_auc,50.0,0.0
n_labels,2.0,0.0
chance,50.0,0.0
