,mean,std
accuracy,80.23137028090588,7.435707756549215
auc,0.0,0.0
dummy_accuracy,64.92991169477239,7.035263848422928
dummy_auc,50.0,0.0
n_labels,2.0,0.0
chance,50.0,0.0
