,mean,std
accuracy,80.57781311825428,7.361499447657151
auc,0.0,0.0
dummy_accuracy,64.9875646713108,6.635605931472062
dummy_auc,50.0,0.0
n_labels,2.0,0.0
chance,50.0,0.0
