,mean,std
accuracy,77.79414908259459,5.287213674228314
auc,0.0,0.0
dummy_accuracy,66.76419563370342,4.632415390464787
dummy_auc,50.0,0.0
n_labels,2.0,0.0
chance,50.0,0.0
