,mean,std
accuracy,78.13601111580611,6.919717666558335
auc,0.0,0.0
dummy_accuracy,65.53906747610849,5.510832600912081
dummy_auc,50.0,0.0
n_labels,2.0,0.0
chance,50.0,0.0
