,mean,std
accuracy,77.15800426783399,7.336597044457058
auc,86.8028402153402,8.848646351562072
dummy_accuracy,64.92991169477239,7.035263848422928
dummy_auc,50.0,0.0
n_labels,2.0,0.0
chance,50.0,0.0
