,mean,std
accuracy,80.02402452423738,8.274019144639205
auc,0.0,0.0
dummy_accuracy,65.51748988455645,6.447668370148428
dummy_auc,50.0,0.0
n_labels,2.0,0.0
chance,50.0,0.0
