,mean,std
accuracy,75.66788022263255,8.666376542343206
auc,84.80295075295076,9.993460856326589
dummy_accuracy,65.00317480678936,6.886800055489995
dummy_auc,50.0,0.0
n_labels,2.0,0.0
chance,50.0,0.0
