,mean,std
accuracy,79.8408029878618,8.828139383239959
auc,0.0,0.0
dummy_accuracy,65.55555555555556,8.100376552300675
dummy_auc,50.0,0.0
n_labels,2.0,0.0
chance,50.0,0.0
