,mean,std
accuracy,76.00773505203883,5.816955319114846
auc,84.3627610768057,6.676690220456705
dummy_accuracy,65.71574585394788,4.3627376540773
dummy_auc,50.0,0.0
n_labels,2.0,0.0
chance,50.0,0.0
