,mean,std
accuracy,75.60585901027079,9.396849170395138
auc,83.46066896066895,10.408389701536283
dummy_accuracy,65.55555555555556,8.100376552300675
dummy_auc,50.0,0.0
n_labels,2.0,0.0
chance,50.0,0.0
