snake model,order,subj,sex,FR,BS,GP,PR,PD,VO
CV,CN,M,3,0,0,36.78506924,45,50,0
CV,EN,F,5,0,0,37.65017308,90,115,14
CV,LL,F,0,0,0,47.2854641,25,50,0
CV,MM,F,1,3,1,24.99261448,30,70,0
CV,MN,F,2,4,0,15.90544872,13,37,0
