ID,Pr,PD,FG,SS,VO,BS,GP
CN,45,50,3,0,0,0,36.7850692354004
EN,90,115,5,0,1,0,37.6501730808389
LL,25,50,0,0,0,0,47.2854640980736
MM,30,70,1,3,0,1,24.9926144756278
MN,13,37,2,4,0,0,15.9054487179487
CN,45,50,3,0,0,0,36.7850692354004
