snake model,id,sex,FR,BS,GP,PR,PD,VO,FG,SS
CV,MM,F,4,0,83.87096774,<100,130,9,4,0
CV,GD,M,1,1,84.05797101,<100,140,NA,0,1
CV,TT,M,1,2,68.85245902,<100,146,NA,0,1
CV,BK,M,1,0,51.06382979,<100,155,NA,1,0
CV,EN,F,2,1,52.23880597,<100,150,NA,2,0
CV,RM,F,2,1,50.94339623,<100,150,NA,2,0