snake model,order,subj,sex,FR,BS,GP,PR,PD,freq-voc
CV,MM,F,4,0,0,83.87096774,<100,130,9
CV,GD,M,0,1,1,84.05797101,<100,140,NA
CV,TT,M,0,1,2,68.85245902,<100,146,NA
CV,BK,M,1,0,0,51.06382979,<100,155,NA
CV,EN,F,2,0,1,52.23880597,<100,150,NA
CV,RM,F,2,0,1,50.94339623,<100,150,NA
