,mean,std
accuracy,64.82040978365248,8.922008512180094
auc,83.53350206923662,6.793694327727698
dummy_accuracy,46.88980003190799,6.0875836737583935
dummy_auc,50.0,0.0
n_labels,3.0,0.0
chance,33.33333333333332,7.177565525411544e-15
