,mean,std
accuracy,62.57392926242172,5.886522039868662
auc,80.91067416351444,3.918037594370166
dummy_accuracy,48.534789780638924,5.64343597780687
dummy_auc,50.0,0.0
n_labels,3.0,0.0
chance,33.33333333333333,0.0
