,mean,std
accuracy,62.162531751737895,6.666351836935147
auc,81.69703089955142,5.157368204426948
dummy_accuracy,47.395288667914556,4.566256125060657
dummy_auc,50.0,0.0
n_labels,3.0,0.0
chance,33.33333333333332,7.123257818152034e-15
