,mean,std
accuracy,63.2351282869832,6.597537702876575
auc,81.54327735037077,3.7353334067959807
dummy_accuracy,48.52119377002313,4.096705636949889
dummy_auc,50.0,0.0
n_labels,3.0,0.0
chance,33.33333333333333,0.0
