,mean,std
accuracy,64.54665532978447,8.520410050925735
auc,0.0,0.0
dummy_accuracy,47.17545791919513,5.750350220022313
dummy_auc,50.0,0.0
n_labels,3.0,0.0
chance,33.33333333333332,7.11254346089435e-15
