,mean,std
accuracy,61.82203341810012,5.766795584794273
auc,81.10253797999165,4.500428769682944
dummy_accuracy,47.41164307451105,4.067590819095777
dummy_auc,50.0,0.0
n_labels,3.0,0.0
chance,33.33333333333333,0.0
