,mean,std
accuracy,63.862559592293586,8.732570844824991
auc,82.71979228134073,6.554278784499108
dummy_accuracy,47.278767462806556,6.036894039917196
dummy_auc,50.0,0.0
n_labels,3.0,0.0
chance,33.33333333333333,0.0
