,mean,std
accuracy,62.784255714461025,6.776384396724032
auc,0.0,0.0
dummy_accuracy,47.31299869617815,3.54956302245175
dummy_auc,50.0,0.0
n_labels,3.0,0.0
chance,33.33333333333332,7.123257818152034e-15
