,mean,std
accuracy,65.49210873032384,10.993097530777597
auc,0.0,0.0
dummy_accuracy,47.59242308670226,6.905861328954811
dummy_auc,50.0,0.0
n_labels,3.0,0.0
chance,33.33333333333333,0.0
