,mean,std
accuracy,64.22195753695125,6.992653568279516
auc,0.0,0.0
dummy_accuracy,47.481286009401146,5.218468176907822
dummy_auc,50.0,0.0
n_labels,3.0,0.0
chance,33.33333333333333,0.0
