,mean,std
accuracy,61.9562668973105,6.484902307866906
auc,81.65388468599224,5.258251080955178
dummy_accuracy,47.481286009401146,5.218468176907822
dummy_auc,50.0,0.0
n_labels,3.0,0.0
chance,33.33333333333333,0.0
