,mean,std
accuracy,64.15930794047802,7.292788324360207
auc,0.0,0.0
dummy_accuracy,47.395288667914556,4.566256125060657
dummy_auc,50.0,0.0
n_labels,3.0,0.0
chance,33.33333333333332,7.123257818152034e-15
