,mean,std
accuracy,61.582148312793336,8.989559677796143
auc,81.60745058480467,6.477855148453421
dummy_accuracy,47.17545791919513,5.750350220022313
dummy_auc,50.0,0.0
n_labels,3.0,0.0
chance,33.33333333333332,7.11254346089435e-15
