,mean,std
accuracy,63.50072249607999,6.1950814357964
auc,82.20604414511388,5.207650619778214
dummy_accuracy,47.33060348054164,5.504384886304828
dummy_auc,50.0,0.0
n_labels,3.0,0.0
chance,33.33333333333332,7.177565525411544e-15
