,mean,std
accuracy,64.76401273341261,6.330382731510895
auc,0.0,0.0
dummy_accuracy,47.33060348054164,5.504384886304828
dummy_auc,50.0,0.0
n_labels,3.0,0.0
chance,33.33333333333332,7.177565525411544e-15
