,mean,std
accuracy,63.82419711435473,9.447501569222986
auc,0.0,0.0
dummy_accuracy,48.52119377002313,4.096705636949889
dummy_auc,50.0,0.0
n_labels,3.0,0.0
chance,33.33333333333333,0.0
