,mean,std
accuracy,62.23918084850878,6.816446999681857
auc,0.0,0.0
dummy_accuracy,47.36018656312386,3.7906088885106417
dummy_auc,50.0,0.0
n_labels,3.0,0.0
chance,33.33333333333332,7.11254346089435e-15
