,mean,std
accuracy,61.50209008830671,7.269545065335721
auc,81.55525203693708,5.203636813564246
dummy_accuracy,47.35793824618871,4.650046302312721
dummy_auc,50.0,0.0
n_labels,3.0,0.0
chance,33.33333333333332,7.11254346089435e-15
