,mean,std
accuracy,61.5842963632764,5.925624991453078
auc,81.28139673743327,4.442159216655023
dummy_accuracy,47.36018656312386,3.7906088885106417
dummy_auc,50.0,0.0
n_labels,3.0,0.0
chance,33.33333333333332,7.11254346089435e-15
