,mean,std
accuracy,64.83537087118322,9.813232955629916
auc,82.3587701101202,6.767773754655422
dummy_accuracy,47.59242308670226,6.905861328954811
dummy_auc,50.0,0.0
n_labels,3.0,0.0
chance,33.33333333333333,0.0
