,mean,std
accuracy,64.95916525864568,9.03157473870399
auc,0.0,0.0
dummy_accuracy,46.88980003190799,6.0875836737583935
dummy_auc,50.0,0.0
n_labels,3.0,0.0
chance,33.33333333333332,7.177565525411544e-15
