,mean,std
accuracy,65.1503003910022,8.667990182630342
auc,0.0,0.0
dummy_accuracy,47.278767462806556,6.036894039917196
dummy_auc,50.0,0.0
n_labels,3.0,0.0
chance,33.33333333333333,0.0
