,mean,std
accuracy,65.29974013984791,8.617964188684384
auc,0.0,0.0
dummy_accuracy,47.206814569977894,5.498274393115897
dummy_auc,50.0,0.0
n_labels,3.0,0.0
chance,33.33333333333332,7.123257818152034e-15
