,mean,std
accuracy,62.43016910405196,5.62013992407012
auc,81.40770555137226,4.268609682070656
dummy_accuracy,47.31299869617815,3.54956302245175
dummy_auc,50.0,0.0
n_labels,3.0,0.0
chance,33.33333333333332,7.123257818152034e-15
