,mean,std
accuracy,63.75116216282577,7.238119539766715
auc,0.0,0.0
dummy_accuracy,47.35793824618871,4.650046302312721
dummy_auc,50.0,0.0
n_labels,3.0,0.0
chance,33.33333333333332,7.11254346089435e-15
