,mean,std
accuracy,66.10147818145546,7.305040936146198
auc,0.0,0.0
dummy_accuracy,48.534789780638924,5.64343597780687
dummy_auc,50.0,0.0
n_labels,3.0,0.0
chance,33.33333333333333,0.0
