,mean,std
accuracy,62.8350442278745,6.656407492535753
auc,0.0,0.0
dummy_accuracy,47.41164307451105,4.067590819095777
dummy_auc,50.0,0.0
n_labels,3.0,0.0
chance,33.33333333333333,0.0
