,mean,std
accuracy,63.21122659906216,5.6324267717255685
auc,81.96631259814417,4.597010395189465
dummy_accuracy,47.47639315811132,4.139909238906791
dummy_auc,50.0,0.0
n_labels,3.0,0.0
chance,33.33333333333332,7.177565525411544e-15
