,mean,std
accuracy,63.13390553836981,6.7609316406019255
auc,0.0,0.0
dummy_accuracy,47.47639315811132,4.139909238906791
dummy_auc,50.0,0.0
n_labels,3.0,0.0
chance,33.33333333333332,7.177565525411544e-15
