,mean,std
accuracy,62.63929582386388,8.50160539409361
auc,82.11564600020625,6.4593487499274955
dummy_accuracy,47.206814569977894,5.498274393115897
dummy_auc,50.0,0.0
n_labels,3.0,0.0
chance,33.33333333333332,7.123257818152034e-15
