,mean,std
accuracy,67.2,20.79627006183677
auc,88.4166666666667,12.73047899328335
dummy_accuracy,40.0,0.0
dummy_auc,50.0,0.0
n_labels,4.0,0.0
chance,25.0,0.0
