,mean,std
accuracy,67.2,20.79627006183677
auc,88.2291666666667,13.010833702370954
dummy_accuracy,40.0,0.0
dummy_auc,50.0,0.0
n_labels,4.0,0.0
chance,25.0,0.0
