,mean,std
accuracy,89.88002826777425,6.2145328551330845
auc,96.97596923688414,3.4227748926418275
dummy_accuracy,48.721840448728315,6.015411140274328
dummy_auc,50.0,0.0
n_labels,2.0,0.0
chance,50.0,0.0
