,mean,std
accuracy,90.08125876531449,7.911315376464402
auc,97.05382366751414,4.504328522032494
dummy_accuracy,50.50427095264556,6.941659196281054
dummy_auc,50.0,0.0
n_labels,2.0,0.0
chance,50.0,0.0
