,mean,std
accuracy,88.34212372380566,5.672060963768026
auc,0.0,0.0
dummy_accuracy,48.721840448728315,6.015411140274328
dummy_auc,50.0,0.0
n_labels,2.0,0.0
chance,50.0,0.0
