,mean,std
accuracy,90.07881285381283,9.20997601481415
auc,97.0681613756614,5.332380891907751
dummy_accuracy,50.03827700077701,9.098283149597533
dummy_auc,50.0,0.0
n_labels,2.0,0.0
chance,50.0,0.0
