,mean,std
accuracy,90.04586235021017,5.914317373243316
auc,0.0,0.0
dummy_accuracy,48.541282389108474,6.34014997944495
dummy_auc,50.0,0.0
n_labels,2.0,0.0
chance,50.0,0.0
