,mean,std
accuracy,89.62809202235674,8.319415403523182
auc,96.73299338624338,5.645721911061555
dummy_accuracy,49.34158328599505,9.377448563776092
dummy_auc,50.0,0.0
n_labels,2.0,0.0
chance,50.0,0.0
