,mean,std
accuracy,87.51680814026017,7.837363336228388
auc,0.0,0.0
dummy_accuracy,50.50427095264556,6.941659196281054
dummy_auc,50.0,0.0
n_labels,2.0,0.0
chance,50.0,0.0
