,mean,std
accuracy,88.01448551448551,8.96904770001338
auc,0.0,0.0
dummy_accuracy,52.43256743256743,8.42663284501652
dummy_auc,50.0,0.0
n_labels,2.0,0.0
chance,50.0,0.0
