,mean,std
accuracy,87.58380095394801,8.682833086484914
auc,0.0,0.0
dummy_accuracy,49.34158328599505,9.377448563776092
dummy_auc,50.0,0.0
n_labels,2.0,0.0
chance,50.0,0.0
