,mean,std
accuracy,87.90927598802986,6.719028409404074
auc,0.0,0.0
dummy_accuracy,48.749903282991525,7.731093679634696
dummy_auc,50.0,0.0
n_labels,2.0,0.0
chance,50.0,0.0
