,mean,std
accuracy,89.25801428104059,6.296843123744665
auc,96.72665313456385,4.335473978570728
dummy_accuracy,48.76662668343009,7.569864615144607
dummy_auc,50.0,0.0
n_labels,2.0,0.0
chance,50.0,0.0
