,mean,std
accuracy,87.52196879917466,8.745642425630582
auc,0.0,0.0
dummy_accuracy,50.239121132135836,9.339146558656363
dummy_auc,50.0,0.0
n_labels,2.0,0.0
chance,50.0,0.0
