,mean,std
accuracy,89.93018925518923,10.148319731590455
auc,97.17600529100528,5.322739585648235
dummy_accuracy,52.405075480075475,8.013162575323816
dummy_auc,50.0,0.0
n_labels,2.0,0.0
chance,50.0,0.0
