,mean,std
accuracy,87.0040265290265,8.641213940668111
auc,0.0,0.0
dummy_accuracy,52.405075480075475,8.013162575323816
dummy_auc,50.0,0.0
n_labels,2.0,0.0
chance,50.0,0.0
