,mean,std
accuracy,92.44320534537925,6.469702834848043
auc,97.21690192523525,4.030473213478121
dummy_accuracy,48.541282389108474,6.34014997944495
dummy_auc,50.0,0.0
n_labels,2.0,0.0
chance,50.0,0.0
