,mean,std
accuracy,89.18168810714593,5.147305669403501
auc,96.56065308075871,3.644903779317597
dummy_accuracy,48.75712466452001,6.376611581094712
dummy_auc,50.0,0.0
n_labels,2.0,0.0
chance,50.0,0.0
