,mean,std
accuracy,89.10905420435942,5.77961285696067
auc,96.29673887765088,4.031389068634504
dummy_accuracy,48.464531374958085,6.129067808453813
dummy_auc,50.0,0.0
n_labels,2.0,0.0
chance,50.0,0.0
