,mean,std
accuracy,90.74447761560765,7.916082362547982
auc,97.17708333333334,4.27494219830483
dummy_accuracy,46.57680352842892,8.291090654669278
dummy_auc,50.0,0.0
n_labels,2.0,0.0
chance,50.0,0.0
