,mean,std
accuracy,90.0485711828591,7.671723337121186
auc,0.0,0.0
dummy_accuracy,46.57680352842892,8.291090654669278
dummy_auc,50.0,0.0
n_labels,2.0,0.0
chance,50.0,0.0
