,mean,std
accuracy,88.9203233336363,5.215703412670293
auc,96.44434304092695,3.659290301716315
dummy_accuracy,48.76747763119159,6.329585166170168
dummy_auc,50.0,0.0
n_labels,2.0,0.0
chance,50.0,0.0
