,mean,std
accuracy,89.4288022435081,8.48724017567495
auc,96.83994378306879,5.25102828405972
dummy_accuracy,50.239121132135836,9.339146558656363
dummy_auc,50.0,0.0
n_labels,2.0,0.0
chance,50.0,0.0
