,mean,std
accuracy,88.15607876214536,5.167615910729339
auc,0.0,0.0
dummy_accuracy,48.75712466452001,6.376611581094712
dummy_auc,50.0,0.0
n_labels,2.0,0.0
chance,50.0,0.0
