,mean,std
accuracy,89.77305629526991,7.157161055416062
auc,96.76337470950565,4.6061267612939245
dummy_accuracy,49.079000746415616,7.15073335938836
dummy_auc,50.0,0.0
n_labels,2.0,0.0
chance,50.0,0.0
