,mean,std
accuracy,87.95652404870671,6.64771046459386
auc,0.0,0.0
dummy_accuracy,48.76662668343009,7.569864615144607
dummy_auc,50.0,0.0
n_labels,2.0,0.0
chance,50.0,0.0
