,mean,std
accuracy,87.9379659330539,5.130937579386663
auc,0.0,0.0
dummy_accuracy,48.76747763119159,6.329585166170168
dummy_auc,50.0,0.0
n_labels,2.0,0.0
chance,50.0,0.0
