,mean,std
accuracy,88.45430188576475,7.026662866396994
auc,0.0,0.0
dummy_accuracy,49.079000746415616,7.15073335938836
dummy_auc,50.0,0.0
n_labels,2.0,0.0
chance,50.0,0.0
