,mean,std
accuracy,88.21529442779442,9.099722011528758
auc,0.0,0.0
dummy_accuracy,50.03827700077701,9.098283149597533
dummy_auc,50.0,0.0
n_labels,2.0,0.0
chance,50.0,0.0
