,mean,std
accuracy,89.37437140173208,6.365636350208507
auc,96.71074351299053,4.375779061628765
dummy_accuracy,48.749903282991525,7.731093679634696
dummy_auc,50.0,0.0
n_labels,2.0,0.0
chance,50.0,0.0
