,mean,std
accuracy,88.203883240058,5.205279049949824
auc,0.0,0.0
dummy_accuracy,48.464531374958085,6.129067808453813
dummy_auc,50.0,0.0
n_labels,2.0,0.0
chance,50.0,0.0
