,mean,std
accuracy,89.498001998002,9.370596606013736
auc,96.92857142857143,5.429928819434653
dummy_accuracy,52.43256743256743,8.42663284501652
dummy_auc,50.0,0.0
n_labels,2.0,0.0
chance,50.0,0.0
